name,image_url
Max Aarons,https://resources.premierleague.com/premierleague/photos/players/40x40/p232980.png
Zach Abbott,https://resources.premierleague.com/premierleague/photos/players/40x40/p549067.png
Josh Acheampong,https://resources.premierleague.com/premierleague/photos/players/40x40/p577016.png
Adam Armstrong,https://resources.premierleague.com/premierleague/photos/players/40x40/p155511.png
Tyler Adams,https://resources.premierleague.com/premierleague/photos/players/40x40/Photo-Missing.png
Tosin Adarabioyo,https://resources.premierleague.com/premierleague/photos/players/40x40/p109646.png
Tayo Adaramola,https://resources.premierleague.com/premierleague/photos/players/40x40/Photo-Missing.png
Valintino Adedokun,https://resources.premierleague.com/premierleague/photos/players/40x40/Photo-Missing.png
Simon Adingra,https://resources.premierleague.com/premierleague/photos/players/40x40/p535818.png
Adrián,https://resources.premierleague.com/premierleague/photos/players/40x40/p60706.png
Daniel Adu-Adjei,https://resources.premierleague.com/premierleague/photos/players/40x40/Photo-Missing.png
Asher Agbinone,https://resources.premierleague.com/premierleague/photos/players/40x40/Photo-Missing.png
Nayef Aguerd,https://resources.premierleague.com/premierleague/photos/players/40x40/p210494.png
Brandon Aguilera,https://resources.premierleague.com/premierleague/photos/players/40x40/p461682.png
Gassan Ahadme,https://resources.premierleague.com/premierleague/photos/players/40x40/p476586.png
Naouirou Ahamada,https://resources.premierleague.com/premierleague/photos/players/40x40/p466117.png
Ola Aina,https://resources.premierleague.com/premierleague/photos/players/40x40/p159506.png
Rayan Aït-Nouri,https://resources.premierleague.com/premierleague/photos/players/40x40/p448514.png
Damola Ajayi,https://resources.premierleague.com/premierleague/photos/players/40x40/Photo-Missing.png
Kristoffer Ajer,https://resources.premierleague.com/premierleague/photos/players/40x40/p191866.png
Romeo Akachukwu,https://resources.premierleague.com/premierleague/photos/players/40x40/Photo-Missing.png
Manuel Akanji,https://resources.premierleague.com/premierleague/photos/players/40x40/p211975.png
Nathan Aké,https://resources.premierleague.com/premierleague/photos/players/40x40/p126184.png
Yunus Akgün,https://resources.premierleague.com/premierleague/photos/players/40x40/Photo-Missing.png
Marc Albrighton,https://resources.premierleague.com/premierleague/photos/players/40x40/p51938.png
Thiago Alcântara,https://resources.premierleague.com/premierleague/photos/players/40x40/p61558.png
Carlos Alcaraz,https://resources.premierleague.com/premierleague/photos/players/40x40/p502697.png
Trent Alexander-Arnold,https://resources.premierleague.com/premierleague/photos/players/40x40/p169187.png
Farid Alfa-Ruprecht,https://resources.premierleague.com/premierleague/photos/players/40x40/Photo-Missing.png
Alfie Harrison,https://resources.premierleague.com/premierleague/photos/players/40x40/Photo-Missing.png
Ali Al-Hamadi,https://resources.premierleague.com/premierleague/photos/players/40x40/p462387.png
Alisson Becker,https://resources.premierleague.com/premierleague/photos/players/40x40/p116535.png
Sonny Aljofree,https://resources.premierleague.com/premierleague/photos/players/40x40/Photo-Missing.png
Max Alleyne,https://resources.premierleague.com/premierleague/photos/players/40x40/Photo-Missing.png
Dele Alli,https://resources.premierleague.com/premierleague/photos/players/40x40/p108823.png
Miguel Almirón,https://resources.premierleague.com/premierleague/photos/players/40x40/p179018.png
Sone Aluko,https://resources.premierleague.com/premierleague/photos/players/40x40/p27503.png
Julián Alvarez,https://resources.premierleague.com/premierleague/photos/players/40x40/p461358.png
Will Alves,https://resources.premierleague.com/premierleague/photos/players/40x40/p532534.png
Steven Alzate,https://resources.premierleague.com/premierleague/photos/players/40x40/p235382.png
Harry Amass,https://resources.premierleague.com/premierleague/photos/players/40x40/p577974.png
Sam Amo-Ameyaw,https://resources.premierleague.com/premierleague/photos/players/40x40/p499724.png
Sofyan Amrabat,https://resources.premierleague.com/premierleague/photos/players/40x40/p172912.png
Joseph Anang,https://resources.premierleague.com/premierleague/photos/players/40x40/p447879.png
Joachim Andersen,https://resources.premierleague.com/premierleague/photos/players/40x40/p174874.png
Elliot Anderson,https://resources.premierleague.com/premierleague/photos/players/40x40/p215379.png
André,https://resources.premierleague.com/premierleague/photos/players/40x40/p509291.png
André Gomes,https://resources.premierleague.com/premierleague/photos/players/40x40/p120250.png
Andreas Pereira,https://resources.premierleague.com/premierleague/photos/players/40x40/p156689.png
Andrey Santos,https://resources.premierleague.com/premierleague/photos/players/40x40/Photo-Missing.png
Vincent Angelini,https://resources.premierleague.com/premierleague/photos/players/40x40/Photo-Missing.png
Ângelo,https://resources.premierleague.com/premierleague/photos/players/40x40/p518620.png
Tino Anjorin,https://resources.premierleague.com/premierleague/photos/players/40x40/p223332.png
Aaron Anselmino,https://resources.premierleague.com/premierleague/photos/players/40x40/Photo-Missing.png
Jaidon Anthony,https://resources.premierleague.com/premierleague/photos/players/40x40/p444180.png
Michail Antonio,https://resources.premierleague.com/premierleague/photos/players/40x40/p57531.png
Antony,https://resources.premierleague.com/premierleague/photos/players/40x40/p467169.png
Julián Araujo,https://resources.premierleague.com/premierleague/photos/players/40x40/p436893.png
Cameron Archer,https://resources.premierleague.com/premierleague/photos/players/40x40/p433979.png
Alphonse Areola,https://resources.premierleague.com/premierleague/photos/players/40x40/p84182.png
Joe Aribo,https://resources.premierleague.com/premierleague/photos/players/40x40/p193204.png
Harrison Armstrong,https://resources.premierleague.com/premierleague/photos/players/40x40/Photo-Missing.png
Harry Arter,https://resources.premierleague.com/premierleague/photos/players/40x40/p48615.png
Benjamin Arthur,https://resources.premierleague.com/premierleague/photos/players/40x40/Photo-Missing.png
Harrison Ashby,https://resources.premierleague.com/premierleague/photos/players/40x40/p441024.png
Noël Atom,https://resources.premierleague.com/premierleague/photos/players/40x40/Photo-Missing.png
Sèrge Aurier,https://resources.premierleague.com/premierleague/photos/players/40x40/p80226.png
Brandon Austin,https://resources.premierleague.com/premierleague/photos/players/40x40/p214572.png
Taiwo Awoniyi,https://resources.premierleague.com/premierleague/photos/players/40x40/p210156.png
Yasin Ayari,https://resources.premierleague.com/premierleague/photos/players/40x40/p509416.png
Jordan Ayew,https://resources.premierleague.com/premierleague/photos/players/40x40/p80146.png
Leon Ayinde,https://resources.premierleague.com/premierleague/photos/players/40x40/Photo-Missing.png
Trialist B,https://resources.premierleague.com/premierleague/photos/players/40x40/Photo-Missing.png
Benoît Badiashile,https://resources.premierleague.com/premierleague/photos/players/40x40/p242880.png
Elkan Baggott,https://resources.premierleague.com/premierleague/photos/players/40x40/Photo-Missing.png
Leon Bailey,https://resources.premierleague.com/premierleague/photos/players/40x40/p215711.png
Eric Bailly,https://resources.premierleague.com/premierleague/photos/players/40x40/p197365.png
Stefan Bajcetic,https://resources.premierleague.com/premierleague/photos/players/40x40/p535928.png
Benicio Baker-Boaitey,https://resources.premierleague.com/premierleague/photos/players/40x40/p475480.png
Ellery Balcombe,https://resources.premierleague.com/premierleague/photos/players/40x40/p235448.png
Carlos Baleba,https://resources.premierleague.com/premierleague/photos/players/40x40/p535301.png
Dominic Ball,https://resources.premierleague.com/premierleague/photos/players/40x40/Photo-Missing.png
Dom Ballard,https://resources.premierleague.com/premierleague/photos/players/40x40/Photo-Missing.png
Emilio Ballard-Matthews,https://resources.premierleague.com/premierleague/photos/players/40x40/Photo-Missing.png
Fodé Ballo-Touré,https://resources.premierleague.com/premierleague/photos/players/40x40/p225897.png
Folarin Balogun,https://resources.premierleague.com/premierleague/photos/players/40x40/p232223.png
Shandon Baptiste,https://resources.premierleague.com/premierleague/photos/players/40x40/p432160.png
Valentín Barco,https://resources.premierleague.com/premierleague/photos/players/40x40/p543158.png
Owen Barker,https://resources.premierleague.com/premierleague/photos/players/40x40/Photo-Missing.png
Ross Barkley,https://resources.premierleague.com/premierleague/photos/players/40x40/p88894.png
Harvey Barnes,https://resources.premierleague.com/premierleague/photos/players/40x40/p201666.png
Ty Barnett,https://resources.premierleague.com/premierleague/photos/players/40x40/Photo-Missing.png
Enzo Barrenechea,https://resources.premierleague.com/premierleague/photos/players/40x40/p491287.png
Luca Barrington,https://resources.premierleague.com/premierleague/photos/players/40x40/Photo-Missing.png
Calvin Bassey,https://resources.premierleague.com/premierleague/photos/players/40x40/p232892.png
Callum Bates,https://resources.premierleague.com/premierleague/photos/players/40x40/Photo-Missing.png
Stevie Bausor,https://resources.premierleague.com/premierleague/photos/players/40x40/Photo-Missing.png
Altay Bayindir,https://resources.premierleague.com/premierleague/photos/players/40x40/p451302.png
Gavin Bazunu,https://resources.premierleague.com/premierleague/photos/players/40x40/p456350.png
Eddie Beach,https://resources.premierleague.com/premierleague/photos/players/40x40/p474803.png
Mads Bech,https://resources.premierleague.com/premierleague/photos/players/40x40/p228044.png
Owen Beck,https://resources.premierleague.com/premierleague/photos/players/40x40/p430992.png
Jan Bednarek,https://resources.premierleague.com/premierleague/photos/players/40x40/p171771.png
Asmir Begovic,https://resources.premierleague.com/premierleague/photos/players/40x40/p40349.png
Armel Bella-Kotchap,https://resources.premierleague.com/premierleague/photos/players/40x40/p477386.png
Jean-Ricner Bellegarde,https://resources.premierleague.com/premierleague/photos/players/40x40/p231057.png
Ben Nelson,https://resources.premierleague.com/premierleague/photos/players/40x40/p501770.png
Steven Benda,https://resources.premierleague.com/premierleague/photos/players/40x40/p428971.png
Lewys Benjamin,https://resources.premierleague.com/premierleague/photos/players/40x40/Photo-Missing.png
Rhys Bennett,https://resources.premierleague.com/premierleague/photos/players/40x40/Photo-Missing.png
Saïd Benrahma,https://resources.premierleague.com/premierleague/photos/players/40x40/p172841.png
Rodrigo Bentancur,https://resources.premierleague.com/premierleague/photos/players/40x40/p202993.png
Dan Bentley,https://resources.premierleague.com/premierleague/photos/players/40x40/p79602.png
Sander Berge,https://resources.premierleague.com/premierleague/photos/players/40x40/p207189.png
Lucas Bergström,https://resources.premierleague.com/premierleague/photos/players/40x40/p482158.png
Lucas Bergvall,https://resources.premierleague.com/premierleague/photos/players/40x40/p570526.png
Bernardo Silva,https://resources.premierleague.com/premierleague/photos/players/40x40/p165809.png
Beto,https://resources.premierleague.com/premierleague/photos/players/40x40/p486385.png
Marcus Bettinelli,https://resources.premierleague.com/premierleague/photos/players/40x40/p122074.png
Giulian Biancone,https://resources.premierleague.com/premierleague/photos/players/40x40/p437753.png
Philip Billing,https://resources.premierleague.com/premierleague/photos/players/40x40/Photo-Missing.png
Yves Bissouma,https://resources.premierleague.com/premierleague/photos/players/40x40/p227127.png
Leo Black,https://resources.premierleague.com/premierleague/photos/players/40x40/Photo-Missing.png
Harvey Blair,https://resources.premierleague.com/premierleague/photos/players/40x40/Photo-Missing.png
Malachi Boateng,https://resources.premierleague.com/premierleague/photos/players/40x40/p461377.png
Oscar Bobb,https://resources.premierleague.com/premierleague/photos/players/40x40/p477555.png
Lamare Bogarde,https://resources.premierleague.com/premierleague/photos/players/40x40/p515597.png
Bendegúz Bolla,https://resources.premierleague.com/premierleague/photos/players/40x40/Photo-Missing.png
Willy-Arnaud Boly,https://resources.premierleague.com/premierleague/photos/players/40x40/p90585.png
Beaux Booth,https://resources.premierleague.com/premierleague/photos/players/40x40/Photo-Missing.png
Aidan Borland,https://resources.premierleague.com/premierleague/photos/players/40x40/Photo-Missing.png
Alex Borto,https://resources.premierleague.com/premierleague/photos/players/40x40/Photo-Missing.png
Sven Botman,https://resources.premierleague.com/premierleague/photos/players/40x40/p220237.png
Jarrod Bowen,https://resources.premierleague.com/premierleague/photos/players/40x40/p178186.png
Josh Bowler,https://resources.premierleague.com/premierleague/photos/players/40x40/p245830.png
Conor Bradley,https://resources.premierleague.com/premierleague/photos/players/40x40/p492777.png
Zak Bradshaw,https://resources.premierleague.com/premierleague/photos/players/40x40/Photo-Missing.png
Cameron Bragg,https://resources.premierleague.com/premierleague/photos/players/40x40/Photo-Missing.png
Kaden Braithwaite,https://resources.premierleague.com/premierleague/photos/players/40x40/Photo-Missing.png
Jarrad Branthwaite,https://resources.premierleague.com/premierleague/photos/players/40x40/p480455.png
Sammy Braybrooke,https://resources.premierleague.com/premierleague/photos/players/40x40/Photo-Missing.png
James Bree,https://resources.premierleague.com/premierleague/photos/players/40x40/p184386.png
Ben Brereton,https://resources.premierleague.com/premierleague/photos/players/40x40/p204814.png
Ethan Brierley,https://resources.premierleague.com/premierleague/photos/players/40x40/p494041.png
Logan Briggs,https://resources.premierleague.com/premierleague/photos/players/40x40/Photo-Missing.png
Nathan Broadhead,https://resources.premierleague.com/premierleague/photos/players/40x40/p173818.png
Ben Broggio,https://resources.premierleague.com/premierleague/photos/players/40x40/Photo-Missing.png
Armando Broja,https://resources.premierleague.com/premierleague/photos/players/40x40/Photo-Missing.png
Josh Brooking,https://resources.premierleague.com/premierleague/photos/players/40x40/Photo-Missing.png
David Brooks,https://resources.premierleague.com/premierleague/photos/players/40x40/p111317.png
Bruno Fernandes,https://resources.premierleague.com/premierleague/photos/players/40x40/p141746.png
Bruno Guimarães,https://resources.premierleague.com/premierleague/photos/players/40x40/p208706.png
Bruno Jordão,https://resources.premierleague.com/premierleague/photos/players/40x40/p428610.png
Gerard Buabo,https://resources.premierleague.com/premierleague/photos/players/40x40/Photo-Missing.png
Emiliano Buendía,https://resources.premierleague.com/premierleague/photos/players/40x40/p195546.png
Hugo Bueno,https://resources.premierleague.com/premierleague/photos/players/40x40/p490721.png
Facundo Buonanotte,https://resources.premierleague.com/premierleague/photos/players/40x40/p536916.png
Cameron Burgess,https://resources.premierleague.com/premierleague/photos/players/40x40/p122411.png
Dan Burn,https://resources.premierleague.com/premierleague/photos/players/40x40/p78916.png
Wes Burns,https://resources.premierleague.com/premierleague/photos/players/40x40/p149929.png
Mason Burstow,https://resources.premierleague.com/premierleague/photos/players/40x40/p534392.png
Nathan Butler-Oyedeji,https://resources.premierleague.com/premierleague/photos/players/40x40/Photo-Missing.png
Luke Butterfield,https://resources.premierleague.com/premierleague/photos/players/40x40/Photo-Missing.png
Killian Cahill,https://resources.premierleague.com/premierleague/photos/players/40x40/Photo-Missing.png
Moisés Caicedo,https://resources.premierleague.com/premierleague/photos/players/40x40/p486672.png
Tom Cairney,https://resources.premierleague.com/premierleague/photos/players/40x40/p76357.png
Jens Cajuste,https://resources.premierleague.com/premierleague/photos/players/40x40/p454667.png
Riccardo Calafiori,https://resources.premierleague.com/premierleague/photos/players/40x40/p466075.png
Duje Caleta-Car,https://resources.premierleague.com/premierleague/photos/players/40x40/p173271.png
Dominic Calvert-Lewin,https://resources.premierleague.com/premierleague/photos/players/40x40/p177815.png
Elijah Campbell,https://resources.premierleague.com/premierleague/photos/players/40x40/p491745.png
Thomas Cannon,https://resources.premierleague.com/premierleague/photos/players/40x40/p461416.png
Sergi Canós,https://resources.premierleague.com/premierleague/photos/players/40x40/p174932.png
Carlos Forbs,https://resources.premierleague.com/premierleague/photos/players/40x40/p463212.png
Carlos Miguel,https://resources.premierleague.com/premierleague/photos/players/40x40/p475123.png
Carlos Vinícius,https://resources.premierleague.com/premierleague/photos/players/40x40/p245824.png
Álvaro Carreras,https://resources.premierleague.com/premierleague/photos/players/40x40/Photo-Missing.png
Scott Carson,https://resources.premierleague.com/premierleague/photos/players/40x40/p17601.png
Cesare Casadei,https://resources.premierleague.com/premierleague/photos/players/40x40/p505187.png
Casemiro,https://resources.premierleague.com/premierleague/photos/players/40x40/p61256.png
Kaelan Casey,https://resources.premierleague.com/premierleague/photos/players/40x40/p518438.png
Matty Cash,https://resources.premierleague.com/premierleague/photos/players/40x40/p199796.png
Dante Cassanova,https://resources.premierleague.com/premierleague/photos/players/40x40/Photo-Missing.png
Timothy Castagne,https://resources.premierleague.com/premierleague/photos/players/40x40/p166477.png
Leo Castledine,https://resources.premierleague.com/premierleague/photos/players/40x40/Photo-Missing.png
Cédric Soares,https://resources.premierleague.com/premierleague/photos/players/40x40/p58822.png
Trevoh Chalobah,https://resources.premierleague.com/premierleague/photos/players/40x40/p180736.png
Calum Chambers,https://resources.premierleague.com/premierleague/photos/players/40x40/p101184.png
Conor Chaplin,https://resources.premierleague.com/premierleague/photos/players/40x40/p196411.png
Dylan Charlton,https://resources.premierleague.com/premierleague/photos/players/40x40/Photo-Missing.png
Federico Chiesa,https://resources.premierleague.com/premierleague/photos/players/40x40/p223541.png
Ben Chilwell,https://resources.premierleague.com/premierleague/photos/players/40x40/p172850.png
Chiquinho,https://resources.premierleague.com/premierleague/photos/players/40x40/p510363.png
Tawanda Chirewa,https://resources.premierleague.com/premierleague/photos/players/40x40/p497606.png
Leon Chiwome,https://resources.premierleague.com/premierleague/photos/players/40x40/Photo-Missing.png
Samy Chouchane,https://resources.premierleague.com/premierleague/photos/players/40x40/Photo-Missing.png
Hamza Choudhury,https://resources.premierleague.com/premierleague/photos/players/40x40/p197469.png
Ryan Christie,https://resources.premierleague.com/premierleague/photos/players/40x40/p158499.png
Carney Chukwuemeka,https://resources.premierleague.com/premierleague/photos/players/40x40/p478912.png
Bobby Clark,https://resources.premierleague.com/premierleague/photos/players/40x40/p491970.png
Nathaniel Clyne,https://resources.premierleague.com/premierleague/photos/players/40x40/p57328.png
Conor Coady,https://resources.premierleague.com/premierleague/photos/players/40x40/p94147.png
Séamus Coleman,https://resources.premierleague.com/premierleague/photos/players/40x40/p59949.png
Nathan Collins,https://resources.premierleague.com/premierleague/photos/players/40x40/p432830.png
Toby Collyer,https://resources.premierleague.com/premierleague/photos/players/40x40/p490881.png
Levi Colwill,https://resources.premierleague.com/premierleague/photos/players/40x40/p460028.png
Lewis Cook,https://resources.premierleague.com/premierleague/photos/players/40x40/p155408.png
Maxwel Cornet,https://resources.premierleague.com/premierleague/photos/players/40x40/p149519.png
Vladimír Coufal,https://resources.premierleague.com/premierleague/photos/players/40x40/p164555.png
Conor Coventry,https://resources.premierleague.com/premierleague/photos/players/40x40/p222017.png
Brandon Cover,https://resources.premierleague.com/premierleague/photos/players/40x40/Photo-Missing.png
Matthew Cox,https://resources.premierleague.com/premierleague/photos/players/40x40/p503300.png
Amario Cozier-Duberry,https://resources.premierleague.com/premierleague/photos/players/40x40/p519324.png
Tristan Crama,https://resources.premierleague.com/premierleague/photos/players/40x40/p592661.png
Billy Crellin,https://resources.premierleague.com/premierleague/photos/players/40x40/p438405.png
Aaron Cresswell,https://resources.premierleague.com/premierleague/photos/players/40x40/p55459.png
Marc Cucurella,https://resources.premierleague.com/premierleague/photos/players/40x40/p179268.png
Jorge Cuenca,https://resources.premierleague.com/premierleague/photos/players/40x40/p246301.png
Luke Cundle,https://resources.premierleague.com/premierleague/photos/players/40x40/p245923.png
Ted Curd,https://resources.premierleague.com/premierleague/photos/players/40x40/Photo-Missing.png
Eric da Silva Moreira,https://resources.premierleague.com/premierleague/photos/players/40x40/p569014.png
Michael Dacosta,https://resources.premierleague.com/premierleague/photos/players/40x40/Photo-Missing.png
Patson Daka,https://resources.premierleague.com/premierleague/photos/players/40x40/p245419.png
Mikkel Damsgaard,https://resources.premierleague.com/premierleague/photos/players/40x40/p440089.png
Daniel Podence,https://resources.premierleague.com/premierleague/photos/players/40x40/p200600.png
Danilo,https://resources.premierleague.com/premierleague/photos/players/40x40/p513046.png
Arnaut Danjuma,https://resources.premierleague.com/premierleague/photos/players/40x40/p220307.png
Jayden Danns,https://resources.premierleague.com/premierleague/photos/players/40x40/Photo-Missing.png
Josh Dasilva,https://resources.premierleague.com/premierleague/photos/players/40x40/p183656.png
David Carmo,https://resources.premierleague.com/premierleague/photos/players/40x40/Photo-Missing.png
David Datro Fofana,https://resources.premierleague.com/premierleague/photos/players/40x40/Photo-Missing.png
Harvey Davies,https://resources.premierleague.com/premierleague/photos/players/40x40/Photo-Missing.png
Keinan Davis,https://resources.premierleague.com/premierleague/photos/players/40x40/p221239.png
Craig Dawson,https://resources.premierleague.com/premierleague/photos/players/40x40/p60232.png
Lucas De Bolle,https://resources.premierleague.com/premierleague/photos/players/40x40/Photo-Missing.png
Kevin De Bruyne,https://resources.premierleague.com/premierleague/photos/players/40x40/p61366.png
Bobby De Cordova-Reid,https://resources.premierleague.com/premierleague/photos/players/40x40/p96994.png
Luc De Fougerolles,https://resources.premierleague.com/premierleague/photos/players/40x40/Photo-Missing.png
Matthijs de Ligt,https://resources.premierleague.com/premierleague/photos/players/40x40/p209365.png
Deivid Washington,https://resources.premierleague.com/premierleague/photos/players/40x40/p617054.png
Liam Delap,https://resources.premierleague.com/premierleague/photos/players/40x40/p463034.png
Leander Dendoncker,https://resources.premierleague.com/premierleague/photos/players/40x40/p151589.png
Will Dennis,https://resources.premierleague.com/premierleague/photos/players/40x40/p444172.png
Justin Devenny,https://resources.premierleague.com/premierleague/photos/players/40x40/Photo-Missing.png
Alfie Devine,https://resources.premierleague.com/premierleague/photos/players/40x40/p496179.png
Kiernan Dewsbury-Hall,https://resources.premierleague.com/premierleague/photos/players/40x40/p215413.png
Moussa Diaby,https://resources.premierleague.com/premierleague/photos/players/40x40/p243557.png
Amad Diallo,https://resources.premierleague.com/premierleague/photos/players/40x40/p493250.png
Luis Díaz,https://resources.premierleague.com/premierleague/photos/players/40x40/p244731.png
Matt Dibley-Dias,https://resources.premierleague.com/premierleague/photos/players/40x40/p515023.png
Tyler Dibling,https://resources.premierleague.com/premierleague/photos/players/40x40/p496661.png
Diego Carlos,https://resources.premierleague.com/premierleague/photos/players/40x40/p165659.png
Diego Moreira,https://resources.premierleague.com/premierleague/photos/players/40x40/p491011.png
Eric Dier,https://resources.premierleague.com/premierleague/photos/players/40x40/p93264.png
Lucas Digne,https://resources.premierleague.com/premierleague/photos/players/40x40/p101188.png
Diogo Dalot,https://resources.premierleague.com/premierleague/photos/players/40x40/p216051.png
Diogo Jota,https://resources.premierleague.com/premierleague/photos/players/40x40/p194634.png
Issa Diop,https://resources.premierleague.com/premierleague/photos/players/40x40/p219924.png
Axel Disasi,https://resources.premierleague.com/premierleague/photos/players/40x40/p220362.png
Roman Dixon,https://resources.premierleague.com/premierleague/photos/players/40x40/Photo-Missing.png
Ben Doak,https://resources.premierleague.com/premierleague/photos/players/40x40/p496208.png
Lewis Dobbin,https://resources.premierleague.com/premierleague/photos/players/40x40/p461421.png
Matt Doherty,https://resources.premierleague.com/premierleague/photos/players/40x40/p87835.png
Jérémy Doku,https://resources.premierleague.com/premierleague/photos/players/40x40/p248875.png
Nicolás Domínguez,https://resources.premierleague.com/premierleague/photos/players/40x40/p250199.png
Janoi Donacien,https://resources.premierleague.com/premierleague/photos/players/40x40/Photo-Missing.png
Jamie Donley,https://resources.premierleague.com/premierleague/photos/players/40x40/p513588.png
Alfie Dorrington,https://resources.premierleague.com/premierleague/photos/players/40x40/p519321.png
Cheick Doucouré,https://resources.premierleague.com/premierleague/photos/players/40x40/p438464.png
Douglas Luiz,https://resources.premierleague.com/premierleague/photos/players/40x40/p230046.png
Flynn Downes,https://resources.premierleague.com/premierleague/photos/players/40x40/p220585.png
Callum Doyle,https://resources.premierleague.com/premierleague/photos/players/40x40/Photo-Missing.png
Mohamed Dräger,https://resources.premierleague.com/premierleague/photos/players/40x40/Photo-Missing.png
Radu Dragusin,https://resources.premierleague.com/premierleague/photos/players/40x40/p493125.png
Martin Dúbravka,https://resources.premierleague.com/premierleague/photos/players/40x40/p67089.png
Joshua Duffus,https://resources.premierleague.com/premierleague/photos/players/40x40/Photo-Missing.png
Paul Dummett,https://resources.premierleague.com/premierleague/photos/players/40x40/p106618.png
Lewis Dunk,https://resources.premierleague.com/premierleague/photos/players/40x40/p83299.png
Jhon Durán,https://resources.premierleague.com/premierleague/photos/players/40x40/p476344.png
Kiano Dyer,https://resources.premierleague.com/premierleague/photos/players/40x40/p559963.png
George Earthy,https://resources.premierleague.com/premierleague/photos/players/40x40/p490885.png
Malcolm Ebiowei,https://resources.premierleague.com/premierleague/photos/players/40x40/p450535.png
Ederson,https://resources.premierleague.com/premierleague/photos/players/40x40/p121160.png
George Edmundson,https://resources.premierleague.com/premierleague/photos/players/40x40/p214964.png
Odsonne Édouard,https://resources.premierleague.com/premierleague/photos/players/40x40/p199670.png
Samuel Edozie,https://resources.premierleague.com/premierleague/photos/players/40x40/p490503.png
Ronnie Edwards,https://resources.premierleague.com/premierleague/photos/players/40x40/p500926.png
Bilal El Khannouss,https://resources.premierleague.com/premierleague/photos/players/40x40/p513527.png
Idris El Mizouni,https://resources.premierleague.com/premierleague/photos/players/40x40/Photo-Missing.png
Anthony Elanga,https://resources.premierleague.com/premierleague/photos/players/40x40/p449434.png
Harvey Elliott,https://resources.premierleague.com/premierleague/photos/players/40x40/p444884.png
Noam Emeran,https://resources.premierleague.com/premierleague/photos/players/40x40/Photo-Missing.png
Johnny Emerson,https://resources.premierleague.com/premierleague/photos/players/40x40/Photo-Missing.png
Emerson Royal,https://resources.premierleague.com/premierleague/photos/players/40x40/p241157.png
Lander Emery,https://resources.premierleague.com/premierleague/photos/players/40x40/Photo-Missing.png
Julio Enciso,https://resources.premierleague.com/premierleague/photos/players/40x40/p474120.png
Wataru Endo,https://resources.premierleague.com/premierleague/photos/players/40x40/p158983.png
Ethan Ennis,https://resources.premierleague.com/premierleague/photos/players/40x40/Photo-Missing.png
Christian Eriksen,https://resources.premierleague.com/premierleague/photos/players/40x40/p80607.png
Pervis Estupiñán,https://resources.premierleague.com/premierleague/photos/players/40x40/p204214.png
Evanilson,https://resources.premierleague.com/premierleague/photos/players/40x40/p444102.png
Jonny Evans,https://resources.premierleague.com/premierleague/photos/players/40x40/p37642.png
Julian Eyestone,https://resources.premierleague.com/premierleague/photos/players/40x40/Photo-Missing.png
Eberechi Eze,https://resources.premierleague.com/premierleague/photos/players/40x40/p232413.png
Lukasz Fabianski,https://resources.premierleague.com/premierleague/photos/players/40x40/p37096.png
Fábio Carvalho,https://resources.premierleague.com/premierleague/photos/players/40x40/p244858.png
Fábio Silva,https://resources.premierleague.com/premierleague/photos/players/40x40/p449988.png
Fábio Vieira,https://resources.premierleague.com/premierleague/photos/players/40x40/p438098.png
Wout Faes,https://resources.premierleague.com/premierleague/photos/players/40x40/p218218.png
Romain Faivre,https://resources.premierleague.com/premierleague/photos/players/40x40/p441240.png
Amar Fatah,https://resources.premierleague.com/premierleague/photos/players/40x40/Photo-Missing.png
Abdul Fatawu,https://resources.premierleague.com/premierleague/photos/players/40x40/p531442.png
Ansu Fati,https://resources.premierleague.com/premierleague/photos/players/40x40/p465607.png
Felipe,https://resources.premierleague.com/premierleague/photos/players/40x40/p116404.png
Evan Ferguson,https://resources.premierleague.com/premierleague/photos/players/40x40/p487117.png
Enzo Fernández,https://resources.premierleague.com/premierleague/photos/players/40x40/p448047.png
Will Fish,https://resources.premierleague.com/premierleague/photos/players/40x40/Photo-Missing.png
Jayce Fitzgerald,https://resources.premierleague.com/premierleague/photos/players/40x40/Photo-Missing.png
Mark Flekken,https://resources.premierleague.com/premierleague/photos/players/40x40/p118342.png
Jack Fletcher,https://resources.premierleague.com/premierleague/photos/players/40x40/Photo-Missing.png
Phil Foden,https://resources.premierleague.com/premierleague/photos/players/40x40/p209244.png
Wes Foderingham,https://resources.premierleague.com/premierleague/photos/players/40x40/p82143.png
Wesley Fofana,https://resources.premierleague.com/premierleague/photos/players/40x40/p444463.png
Pablo Fornals,https://resources.premierleague.com/premierleague/photos/players/40x40/p217593.png
Omari Forson,https://resources.premierleague.com/premierleague/photos/players/40x40/Photo-Missing.png
Fraser Forster,https://resources.premierleague.com/premierleague/photos/players/40x40/p40383.png
Tyrese Francois,https://resources.premierleague.com/premierleague/photos/players/40x40/p432931.png
Ryan Fraser,https://resources.premierleague.com/premierleague/photos/players/40x40/p90105.png
Fred,https://resources.premierleague.com/premierleague/photos/players/40x40/p101582.png
Ryan Fredericks,https://resources.premierleague.com/premierleague/photos/players/40x40/p81012.png
Benjamin Fredrick,https://resources.premierleague.com/premierleague/photos/players/40x40/p612534.png
Remo Freuler,https://resources.premierleague.com/premierleague/photos/players/40x40/p89076.png
Niclas Füllkrug,https://resources.premierleague.com/premierleague/photos/players/40x40/p91889.png
Gabriel Jesus,https://resources.premierleague.com/premierleague/photos/players/40x40/p205651.png
Gabriel Magalhães,https://resources.premierleague.com/premierleague/photos/players/40x40/p226597.png
Gabriel Martinelli,https://resources.premierleague.com/premierleague/photos/players/40x40/p444145.png
Cody Gakpo,https://resources.premierleague.com/premierleague/photos/players/40x40/p243298.png
Conor Gallagher,https://resources.premierleague.com/premierleague/photos/players/40x40/p232787.png
Tomas Galvez,https://resources.premierleague.com/premierleague/photos/players/40x40/Photo-Missing.png
Joe Gardner,https://resources.premierleague.com/premierleague/photos/players/40x40/p536681.png
Alejandro Garnacho,https://resources.premierleague.com/premierleague/photos/players/40x40/p493105.png
James Garner,https://resources.premierleague.com/premierleague/photos/players/40x40/p232928.png
Joe Gauci,https://resources.premierleague.com/premierleague/photos/players/40x40/p462492.png
Jean-Philippe Gbamin,https://resources.premierleague.com/premierleague/photos/players/40x40/p160987.png
Billy Gee,https://resources.premierleague.com/premierleague/photos/players/40x40/Photo-Missing.png
Tyrique George,https://resources.premierleague.com/premierleague/photos/players/40x40/p550615.png
Saman Ghoddos,https://resources.premierleague.com/premierleague/photos/players/40x40/p205836.png
Morgan Gibbs-White,https://resources.premierleague.com/premierleague/photos/players/40x40/p222531.png
Bryan Gil,https://resources.premierleague.com/premierleague/photos/players/40x40/p436234.png
Alfie Gilchrist,https://resources.premierleague.com/premierleague/photos/players/40x40/p514280.png
Mark Gillespie,https://resources.premierleague.com/premierleague/photos/players/40x40/p81441.png
Billy Gilmour,https://resources.premierleague.com/premierleague/photos/players/40x40/p243568.png
Ben Godfrey,https://resources.premierleague.com/premierleague/photos/players/40x40/p198826.png
Martial Godo,https://resources.premierleague.com/premierleague/photos/players/40x40/p573062.png
Harvey Godsmark-Ford,https://resources.premierleague.com/premierleague/photos/players/40x40/Photo-Missing.png
Michael Golding,https://resources.premierleague.com/premierleague/photos/players/40x40/p549640.png
Joe Gomez,https://resources.premierleague.com/premierleague/photos/players/40x40/p171287.png
Gonçalo Guedes,https://resources.premierleague.com/premierleague/photos/players/40x40/p181284.png
Enso González,https://resources.premierleague.com/premierleague/photos/players/40x40/Photo-Missing.png
Charlie Goode,https://resources.premierleague.com/premierleague/photos/players/40x40/p213687.png
Kaide Gordon,https://resources.premierleague.com/premierleague/photos/players/40x40/p496185.png
Daniel Gore,https://resources.premierleague.com/premierleague/photos/players/40x40/Photo-Missing.png
Jimi Gower,https://resources.premierleague.com/premierleague/photos/players/40x40/Photo-Missing.png
True Grant,https://resources.premierleague.com/premierleague/photos/players/40x40/Photo-Missing.png
Ryan Gravenberch,https://resources.premierleague.com/premierleague/photos/players/40x40/p441266.png
Demarai Gray,https://resources.premierleague.com/premierleague/photos/players/40x40/p172632.png
Jack Grealish,https://resources.premierleague.com/premierleague/photos/players/40x40/p114283.png
Jacob Greaves,https://resources.premierleague.com/premierleague/photos/players/40x40/p449429.png
Ben Greenwood,https://resources.premierleague.com/premierleague/photos/players/40x40/Photo-Missing.png
Seán Grehan,https://resources.premierleague.com/premierleague/photos/players/40x40/Photo-Missing.png
Harvey Griffiths,https://resources.premierleague.com/premierleague/photos/players/40x40/Photo-Missing.png
Pascal Groß,https://resources.premierleague.com/premierleague/photos/players/40x40/p60307.png
Brajan Gruda,https://resources.premierleague.com/premierleague/photos/players/40x40/p513433.png
Vicente Guaita,https://resources.premierleague.com/premierleague/photos/players/40x40/p40836.png
Marc Guéhi,https://resources.premierleague.com/premierleague/photos/players/40x40/p209036.png
Idrissa Gueye,https://resources.premierleague.com/premierleague/photos/players/40x40/p80801.png
Marc Guiu,https://resources.premierleague.com/premierleague/photos/players/40x40/p499309.png
Ilkay Gündogan,https://resources.premierleague.com/premierleague/photos/players/40x40/p59859.png
Luca Gunter,https://resources.premierleague.com/premierleague/photos/players/40x40/Photo-Missing.png
Gustavo Nunes,https://resources.premierleague.com/premierleague/photos/players/40x40/Photo-Missing.png
Gustavo Scarpa,https://resources.premierleague.com/premierleague/photos/players/40x40/p185253.png
Malo Gusto,https://resources.premierleague.com/premierleague/photos/players/40x40/p482609.png
Josko Gvardiol,https://resources.premierleague.com/premierleague/photos/players/40x40/p477424.png
Erling Haaland,https://resources.premierleague.com/premierleague/photos/players/40x40/p223094.png
Lewis Hall,https://resources.premierleague.com/premierleague/photos/players/40x40/p487838.png
Micah Hamilton,https://resources.premierleague.com/premierleague/photos/players/40x40/Photo-Missing.png
Isak Hansen-Aaröen,https://resources.premierleague.com/premierleague/photos/players/40x40/Photo-Missing.png
Marcus Harness,https://resources.premierleague.com/premierleague/photos/players/40x40/p167191.png
Luke Harris,https://resources.premierleague.com/premierleague/photos/players/40x40/p515024.png
Ollie Harrison,https://resources.premierleague.com/premierleague/photos/players/40x40/Photo-Missing.png
Harry Clarke,https://resources.premierleague.com/premierleague/photos/players/40x40/p232228.png
Taylor Harwood-Bellis,https://resources.premierleague.com/premierleague/photos/players/40x40/p245719.png
Kortney Hause,https://resources.premierleague.com/premierleague/photos/players/40x40/Photo-Missing.png
Kai Havertz,https://resources.premierleague.com/premierleague/photos/players/40x40/p219847.png
Isaac Hayden,https://resources.premierleague.com/premierleague/photos/players/40x40/Photo-Missing.png
Chanse Headman,https://resources.premierleague.com/premierleague/photos/players/40x40/Photo-Missing.png
Tom Heaton,https://resources.premierleague.com/premierleague/photos/players/40x40/p21205.png
Ayden Heaven,https://resources.premierleague.com/premierleague/photos/players/40x40/p606745.png
Cathal Heffernan,https://resources.premierleague.com/premierleague/photos/players/40x40/Photo-Missing.png
Krisztián Hegyi,https://resources.premierleague.com/premierleague/photos/players/40x40/p483364.png
Karl Hein,https://resources.premierleague.com/premierleague/photos/players/40x40/p463748.png
Dean Henderson,https://resources.premierleague.com/premierleague/photos/players/40x40/p172649.png
Jeff Hendrick,https://resources.premierleague.com/premierleague/photos/players/40x40/p83314.png
Wayne Hennessey,https://resources.premierleague.com/premierleague/photos/players/40x40/p20066.png
Rico Henry,https://resources.premierleague.com/premierleague/photos/players/40x40/p194010.png
Mads Hermansen,https://resources.premierleague.com/premierleague/photos/players/40x40/p467189.png
Travis Hernes,https://resources.premierleague.com/premierleague/photos/players/40x40/Photo-Missing.png
Finlay Herrick,https://resources.premierleague.com/premierleague/photos/players/40x40/p553742.png
Jaden Heskey,https://resources.premierleague.com/premierleague/photos/players/40x40/Photo-Missing.png
Aaron Hickey,https://resources.premierleague.com/premierleague/photos/players/40x40/p472713.png
James Hill,https://resources.premierleague.com/premierleague/photos/players/40x40/p463981.png
Jack Hinchy,https://resources.premierleague.com/premierleague/photos/players/40x40/Photo-Missing.png
Jack Hinshelwood,https://resources.premierleague.com/premierleague/photos/players/40x40/p532529.png
George Hirst,https://resources.premierleague.com/premierleague/photos/players/40x40/p222625.png
Václav Hladky,https://resources.premierleague.com/premierleague/photos/players/40x40/Photo-Missing.png
Joe Hodge,https://resources.premierleague.com/premierleague/photos/players/40x40/p240299.png
Ki-Jana Hoever,https://resources.premierleague.com/premierleague/photos/players/40x40/p441271.png
Rob Holding,https://resources.premierleague.com/premierleague/photos/players/40x40/p156074.png
Mason Holgate,https://resources.premierleague.com/premierleague/photos/players/40x40/p194164.png
Isaac Holland,https://resources.premierleague.com/premierleague/photos/players/40x40/Photo-Missing.png
Fletcher Holman,https://resources.premierleague.com/premierleague/photos/players/40x40/Photo-Missing.png
Ethan Horvath,https://resources.premierleague.com/premierleague/photos/players/40x40/p168547.png
Justin Hubner,https://resources.premierleague.com/premierleague/photos/players/40x40/Photo-Missing.png
Callum Hudson-Odoi,https://resources.premierleague.com/premierleague/photos/players/40x40/p209046.png
Will Hughes,https://resources.premierleague.com/premierleague/photos/players/40x40/p108413.png
Joe Hugill,https://resources.premierleague.com/premierleague/photos/players/40x40/Photo-Missing.png
Dean Huijsen,https://resources.premierleague.com/premierleague/photos/players/40x40/p554605.png
Bashir Humphreys,https://resources.premierleague.com/premierleague/photos/players/40x40/p461188.png
James Huntley,https://resources.premierleague.com/premierleague/photos/players/40x40/Photo-Missing.png
Omari Hutchinson,https://resources.premierleague.com/premierleague/photos/players/40x40/p503301.png
Hwang Hee-Chan,https://resources.premierleague.com/premierleague/photos/players/40x40/p184754.png
Hwang Ui-Jo,https://resources.premierleague.com/premierleague/photos/players/40x40/p201440.png
Pierre-Emile Højbjerg,https://resources.premierleague.com/premierleague/photos/players/40x40/p132015.png
Rasmus Højlund,https://resources.premierleague.com/premierleague/photos/players/40x40/p497894.png
Igor Julio,https://resources.premierleague.com/premierleague/photos/players/40x40/p223434.png
Kelechi Iheanacho,https://resources.premierleague.com/premierleague/photos/players/40x40/p173515.png
Samuel Iling-Junior,https://resources.premierleague.com/premierleague/photos/players/40x40/p469247.png
Danny Imray,https://resources.premierleague.com/premierleague/photos/players/40x40/Photo-Missing.png
Danny Ings,https://resources.premierleague.com/premierleague/photos/players/40x40/p84939.png
Tim Iroegbunam,https://resources.premierleague.com/premierleague/photos/players/40x40/p490094.png
Andy Irving,https://resources.premierleague.com/premierleague/photos/players/40x40/p229384.png
Alexander Isak,https://resources.premierleague.com/premierleague/photos/players/40x40/p219168.png
Daniel Iversen,https://resources.premierleague.com/premierleague/photos/players/40x40/p207270.png
Alex Iwobi,https://resources.premierleague.com/premierleague/photos/players/40x40/p153133.png
Jack Clarke,https://resources.premierleague.com/premierleague/photos/players/40x40/p443261.png
Ben Jackson,https://resources.premierleague.com/premierleague/photos/players/40x40/Photo-Missing.png
Jacob Murphy,https://resources.premierleague.com/premierleague/photos/players/40x40/p114243.png
Reece James,https://resources.premierleague.com/premierleague/photos/players/40x40/p225796.png
Vitaly Janelt,https://resources.premierleague.com/premierleague/photos/players/40x40/p204580.png
Vítezslav Jaros,https://resources.premierleague.com/premierleague/photos/players/40x40/p432987.png
Daniel Jebbison,https://resources.premierleague.com/premierleague/photos/players/40x40/p523700.png
Mofe Jemide,https://resources.premierleague.com/premierleague/photos/players/40x40/Photo-Missing.png
Mathias Jensen,https://resources.premierleague.com/premierleague/photos/players/40x40/p207283.png
Raúl Jiménez,https://resources.premierleague.com/premierleague/photos/players/40x40/p102057.png
Jamaldeen Jimoh,https://resources.premierleague.com/premierleague/photos/players/40x40/Photo-Missing.png
João Cancelo,https://resources.premierleague.com/premierleague/photos/players/40x40/p121145.png
João Félix,https://resources.premierleague.com/premierleague/photos/players/40x40/p428399.png
João Gomes,https://resources.premierleague.com/premierleague/photos/players/40x40/p448089.png
João Palhinha,https://resources.premierleague.com/premierleague/photos/players/40x40/p154296.png
João Pedro,https://resources.premierleague.com/premierleague/photos/players/40x40/p475168.png
João Virgínia,https://resources.premierleague.com/premierleague/photos/players/40x40/p222627.png
Joelinton,https://resources.premierleague.com/premierleague/photos/players/40x40/p180974.png
Nile John,https://resources.premierleague.com/premierleague/photos/players/40x40/p461212.png
Ben Johnson,https://resources.premierleague.com/premierleague/photos/players/40x40/p222018.png
Sam Johnstone,https://resources.premierleague.com/premierleague/photos/players/40x40/p101982.png
Curtis Jones,https://resources.premierleague.com/premierleague/photos/players/40x40/p206915.png
Jonjo Shelvey,https://resources.premierleague.com/premierleague/photos/players/40x40/p50232.png
Jonny,https://resources.premierleague.com/premierleague/photos/players/40x40/p114128.png
Jorginho,https://resources.premierleague.com/premierleague/photos/players/40x40/p85955.png
José Sá,https://resources.premierleague.com/premierleague/photos/players/40x40/p149065.png
Josh Feeney,https://resources.premierleague.com/premierleague/photos/players/40x40/p536110.png
Jota Silva,https://resources.premierleague.com/premierleague/photos/players/40x40/p510500.png
Juan,https://resources.premierleague.com/premierleague/photos/players/40x40/Photo-Missing.png
Marc Jurado,https://resources.premierleague.com/premierleague/photos/players/40x40/Photo-Missing.png
Jurriën Timber,https://resources.premierleague.com/premierleague/photos/players/40x40/p445122.png
James Justin,https://resources.premierleague.com/premierleague/photos/players/40x40/p220627.png
Filip Jørgensen,https://resources.premierleague.com/premierleague/photos/players/40x40/p508479.png
Ismeal Kabia,https://resources.premierleague.com/premierleague/photos/players/40x40/Photo-Missing.png
Issa Kaboré,https://resources.premierleague.com/premierleague/photos/players/40x40/p476369.png
Maldini Kacurri,https://resources.premierleague.com/premierleague/photos/players/40x40/Photo-Missing.png
Ferdi Kadioglu,https://resources.premierleague.com/premierleague/photos/players/40x40/p231416.png
Sasa Kalajdzic,https://resources.premierleague.com/premierleague/photos/players/40x40/p429414.png
Daichi Kamada,https://resources.premierleague.com/premierleague/photos/players/40x40/p209400.png
Boubacar Kamara,https://resources.premierleague.com/premierleague/photos/players/40x40/p226944.png
Willy Kambwala,https://resources.premierleague.com/premierleague/photos/players/40x40/p518466.png
Mohamadou Kanté,https://resources.premierleague.com/premierleague/photos/players/40x40/Photo-Missing.png
Loris Karius,https://resources.premierleague.com/premierleague/photos/players/40x40/p104542.png
Jadel Katongo,https://resources.premierleague.com/premierleague/photos/players/40x40/Photo-Missing.png
Thierry Katsukunya,https://resources.premierleague.com/premierleague/photos/players/40x40/Photo-Missing.png
Leigh Kavanagh,https://resources.premierleague.com/premierleague/photos/players/40x40/Photo-Missing.png
Michael Keane,https://resources.premierleague.com/premierleague/photos/players/40x40/p106611.png
Thilo Kehrer,https://resources.premierleague.com/premierleague/photos/players/40x40/p201057.png
Caoimhín Kelleher,https://resources.premierleague.com/premierleague/photos/players/40x40/p200720.png
Lloyd Kelly,https://resources.premierleague.com/premierleague/photos/players/40x40/p235530.png
Omari Kellyman,https://resources.premierleague.com/premierleague/photos/players/40x40/p549068.png
Kepa,https://resources.premierleague.com/premierleague/photos/players/40x40/p109745.png
Milos Kerkez,https://resources.premierleague.com/premierleague/photos/players/40x40/p544877.png
Kaine Kesler-Hayden,https://resources.premierleague.com/premierleague/photos/players/40x40/Photo-Missing.png
Aaron Keto-Diyawa,https://resources.premierleague.com/premierleague/photos/players/40x40/Photo-Missing.png
Gavin Kilkenny,https://resources.premierleague.com/premierleague/photos/players/40x40/p444183.png
Maximilian Kilman,https://resources.premierleague.com/premierleague/photos/players/40x40/p214048.png
Kim Ji-Soo,https://resources.premierleague.com/premierleague/photos/players/40x40/p570241.png
Josh King,https://resources.premierleague.com/premierleague/photos/players/40x40/p577725.png
Max Kinsey,https://resources.premierleague.com/premierleague/photos/players/40x40/Photo-Missing.png
Jakub Kiwior,https://resources.premierleague.com/premierleague/photos/players/40x40/p440854.png
Justin Kluivert,https://resources.premierleague.com/premierleague/photos/players/40x40/p222683.png
Ben Knight,https://resources.premierleague.com/premierleague/photos/players/40x40/p244932.png
Jacob Knightbridge,https://resources.premierleague.com/premierleague/photos/players/40x40/Photo-Missing.png
Anthony Knockaert,https://resources.premierleague.com/premierleague/photos/players/40x40/p83543.png
Gideon Kodua,https://resources.premierleague.com/premierleague/photos/players/40x40/p536133.png
Yunus Konak,https://resources.premierleague.com/premierleague/photos/players/40x40/p628204.png
Ibrahima Konaté,https://resources.premierleague.com/premierleague/photos/players/40x40/p204716.png
Terence Kongolo,https://resources.premierleague.com/premierleague/photos/players/40x40/p109434.png
Ezri Konsa,https://resources.premierleague.com/premierleague/photos/players/40x40/p199798.png
Lewis Koumas,https://resources.premierleague.com/premierleague/photos/players/40x40/Photo-Missing.png
Cheikhou Kouyaté,https://resources.premierleague.com/premierleague/photos/players/40x40/p55037.png
Mateo Kovacic,https://resources.premierleague.com/premierleague/photos/players/40x40/p91651.png
Matej Kovár,https://resources.premierleague.com/premierleague/photos/players/40x40/p446189.png
Kacper Kozlowski,https://resources.premierleague.com/premierleague/photos/players/40x40/p484658.png
Caleb Kporha,https://resources.premierleague.com/premierleague/photos/players/40x40/Photo-Missing.png
Emil Krafth,https://resources.premierleague.com/premierleague/photos/players/40x40/p111773.png
Victor Kristiansen,https://resources.premierleague.com/premierleague/photos/players/40x40/p481510.png
Mohammed Kudus,https://resources.premierleague.com/premierleague/photos/players/40x40/p460842.png
Dejan Kulusevski,https://resources.premierleague.com/premierleague/photos/players/40x40/p445044.png
Garang Kuol,https://resources.premierleague.com/premierleague/photos/players/40x40/Photo-Missing.png
Rio Kyerematen,https://resources.premierleague.com/premierleague/photos/players/40x40/Photo-Missing.png
Maxence Lacroix,https://resources.premierleague.com/premierleague/photos/players/40x40/p437499.png
Freddie Ladapo,https://resources.premierleague.com/premierleague/photos/players/40x40/p94926.png
Levi Laing,https://resources.premierleague.com/premierleague/photos/players/40x40/Photo-Missing.png
Adam Lallana,https://resources.premierleague.com/premierleague/photos/players/40x40/p39155.png
Tariq Lamptey,https://resources.premierleague.com/premierleague/photos/players/40x40/p232792.png
Will Lankshear,https://resources.premierleague.com/premierleague/photos/players/40x40/p552427.png
Aymeric Laporte,https://resources.premierleague.com/premierleague/photos/players/40x40/p146941.png
Juan Larios,https://resources.premierleague.com/premierleague/photos/players/40x40/p515571.png
Jamaal Lascelles,https://resources.premierleague.com/premierleague/photos/players/40x40/Photo-Missing.png
Roméo Lavia,https://resources.premierleague.com/premierleague/photos/players/40x40/p514356.png
Nico Lawrence,https://resources.premierleague.com/premierleague/photos/players/40x40/Photo-Missing.png
Mario Lemina,https://resources.premierleague.com/premierleague/photos/players/40x40/p151086.png
Clément Lenglet,https://resources.premierleague.com/premierleague/photos/players/40x40/p171101.png
Bernd Leno,https://resources.premierleague.com/premierleague/photos/players/40x40/p80201.png
Marc Leonard,https://resources.premierleague.com/premierleague/photos/players/40x40/p433138.png
Jefferson Lerma,https://resources.premierleague.com/premierleague/photos/players/40x40/p152551.png
Rico Lewis,https://resources.premierleague.com/premierleague/photos/players/40x40/p477064.png
Keane Lewis-Potter,https://resources.premierleague.com/premierleague/photos/players/40x40/p249231.png
Myles Lewis-Skelly,https://resources.premierleague.com/premierleague/photos/players/40x40/p499169.png
Victor Lindelöf,https://resources.premierleague.com/premierleague/photos/players/40x40/p184667.png
Jesper Lindstrøm,https://resources.premierleague.com/premierleague/photos/players/40x40/p463903.png
Mateusz Lis,https://resources.premierleague.com/premierleague/photos/players/40x40/p200428.png
Tino Livramento,https://resources.premierleague.com/premierleague/photos/players/40x40/p441191.png
Hugo Lloris,https://resources.premierleague.com/premierleague/photos/players/40x40/p37915.png
Giovani Lo Celso,https://resources.premierleague.com/premierleague/photos/players/40x40/p200826.png
Andy Lonergan,https://resources.premierleague.com/premierleague/photos/players/40x40/p11948.png
Sean Longstaff,https://resources.premierleague.com/premierleague/photos/players/40x40/p180135.png
Jamal Lowe,https://resources.premierleague.com/premierleague/photos/players/40x40/p128309.png
Lucas Paquetá,https://resources.premierleague.com/premierleague/photos/players/40x40/p224024.png
Luis Guilherme,https://resources.premierleague.com/premierleague/photos/players/40x40/p577114.png
Romelu Lukaku,https://resources.premierleague.com/premierleague/photos/players/40x40/p66749.png
Sasa Lukic,https://resources.premierleague.com/premierleague/photos/players/40x40/p212314.png
Joe Lumley,https://resources.premierleague.com/premierleague/photos/players/40x40/p167888.png
Massimo Luongo,https://resources.premierleague.com/premierleague/photos/players/40x40/p106606.png
Lyanco,https://resources.premierleague.com/premierleague/photos/players/40x40/p212721.png
Ian Maatsen,https://resources.premierleague.com/premierleague/photos/players/40x40/p441302.png
Alexis Mac Allister,https://resources.premierleague.com/premierleague/photos/players/40x40/p243016.png
Mackenzie Hunt,https://resources.premierleague.com/premierleague/photos/players/40x40/p447261.png
James Maddison,https://resources.premierleague.com/premierleague/photos/players/40x40/p172780.png
Noni Madueke,https://resources.premierleague.com/premierleague/photos/players/40x40/p248857.png
Paris Maghoma,https://resources.premierleague.com/premierleague/photos/players/40x40/p220695.png
Harry Maguire,https://resources.premierleague.com/premierleague/photos/players/40x40/p95658.png
Mahmoud Dahoud,https://resources.premierleague.com/premierleague/photos/players/40x40/p168090.png
Kobbie Mainoo,https://resources.premierleague.com/premierleague/photos/players/40x40/p516895.png
Tyrell Malacia,https://resources.premierleague.com/premierleague/photos/players/40x40/Photo-Missing.png
Giorgi Mamardashvili,https://resources.premierleague.com/premierleague/photos/players/40x40/Photo-Missing.png
Orel Mangala,https://resources.premierleague.com/premierleague/photos/players/40x40/p179519.png
Ryan Manning,https://resources.premierleague.com/premierleague/photos/players/40x40/p204863.png
Javier Manquillo,https://resources.premierleague.com/premierleague/photos/players/40x40/p109528.png
Sékou Mara,https://resources.premierleague.com/premierleague/photos/players/40x40/p476888.png
Marcelo Pitaluga,https://resources.premierleague.com/premierleague/photos/players/40x40/p443629.png
Solly March,https://resources.premierleague.com/premierleague/photos/players/40x40/p109345.png
Emiliano Marcondes,https://resources.premierleague.com/premierleague/photos/players/40x40/p133845.png
Marquinhos,https://resources.premierleague.com/premierleague/photos/players/40x40/p479683.png
Filip Marschall,https://resources.premierleague.com/premierleague/photos/players/40x40/p462381.png
Zach Marsh,https://resources.premierleague.com/premierleague/photos/players/40x40/Photo-Missing.png
Callum Marshall,https://resources.premierleague.com/premierleague/photos/players/40x40/p565431.png
Anthony Martial,https://resources.premierleague.com/premierleague/photos/players/40x40/p148225.png
Emiliano Martínez,https://resources.premierleague.com/premierleague/photos/players/40x40/p98980.png
Tawanda Maswanhise,https://resources.premierleague.com/premierleague/photos/players/40x40/p461585.png
Jean-Philippe Mateta,https://resources.premierleague.com/premierleague/photos/players/40x40/p231747.png
Mateus Fernandes,https://resources.premierleague.com/premierleague/photos/players/40x40/p551226.png
Sam Mather,https://resources.premierleague.com/premierleague/photos/players/40x40/Photo-Missing.png
Matheus Cunha,https://resources.premierleague.com/premierleague/photos/players/40x40/p430871.png
Matheus França,https://resources.premierleague.com/premierleague/photos/players/40x40/Photo-Missing.png
Matheus Nunes,https://resources.premierleague.com/premierleague/photos/players/40x40/p465351.png
Roshaun Mathurin,https://resources.premierleague.com/premierleague/photos/players/40x40/Photo-Missing.png
Joël Matip,https://resources.premierleague.com/premierleague/photos/players/40x40/p60914.png
Alex Matos,https://resources.premierleague.com/premierleague/photos/players/40x40/Photo-Missing.png
Remi Matthews,https://resources.premierleague.com/premierleague/photos/players/40x40/p169593.png
Neal Maupay,https://resources.premierleague.com/premierleague/photos/players/40x40/p115382.png
Mauro Bandeira,https://resources.premierleague.com/premierleague/photos/players/40x40/Photo-Missing.png
Stephy Mavididi,https://resources.premierleague.com/premierleague/photos/players/40x40/p154048.png
Konstantinos Mavropanos,https://resources.premierleague.com/premierleague/photos/players/40x40/p233963.png
Adrian Mazilu,https://resources.premierleague.com/premierleague/photos/players/40x40/p550141.png
Noussair Mazraoui,https://resources.premierleague.com/premierleague/photos/players/40x40/p230001.png
Kevin Mbabu,https://resources.premierleague.com/premierleague/photos/players/40x40/p120721.png
Loïc Mbe Soh,https://resources.premierleague.com/premierleague/photos/players/40x40/p242885.png
Luke Mbete,https://resources.premierleague.com/premierleague/photos/players/40x40/p439510.png
Bryan Mbeumo,https://resources.premierleague.com/premierleague/photos/players/40x40/p446008.png
James McAtee,https://resources.premierleague.com/premierleague/photos/players/40x40/p432714.png
Kasey McAteer,https://resources.premierleague.com/premierleague/photos/players/40x40/p461587.png
Alex McCarthy,https://resources.premierleague.com/premierleague/photos/players/40x40/p58376.png
James McConnell,https://resources.premierleague.com/premierleague/photos/players/40x40/p491501.png
Jamie McDonnell,https://resources.premierleague.com/premierleague/photos/players/40x40/Photo-Missing.png
Tom McGill,https://resources.premierleague.com/premierleague/photos/players/40x40/p209288.png
John McGinn,https://resources.premierleague.com/premierleague/photos/players/40x40/p122806.png
Scott McKenna,https://resources.premierleague.com/premierleague/photos/players/40x40/p168281.png
Conor McManus,https://resources.premierleague.com/premierleague/photos/players/40x40/Photo-Missing.png
Dwight McNeil,https://resources.premierleague.com/premierleague/photos/players/40x40/p433154.png
Charlie McNeill,https://resources.premierleague.com/premierleague/photos/players/40x40/Photo-Missing.png
Scott McTominay,https://resources.premierleague.com/premierleague/photos/players/40x40/p195851.png
Ben Mee,https://resources.premierleague.com/premierleague/photos/players/40x40/p51927.png
Jayden Meghoma,https://resources.premierleague.com/premierleague/photos/players/40x40/p499717.png
Hannibal Mejbri,https://resources.premierleague.com/premierleague/photos/players/40x40/p465527.png
Mateo Mejía,https://resources.premierleague.com/premierleague/photos/players/40x40/Photo-Missing.png
Teden Mengi,https://resources.premierleague.com/premierleague/photos/players/40x40/p244856.png
Chris Mepham,https://resources.premierleague.com/premierleague/photos/players/40x40/p223911.png
Mikel Merino,https://resources.premierleague.com/premierleague/photos/players/40x40/p195384.png
Max Merrick,https://resources.premierleague.com/premierleague/photos/players/40x40/Photo-Missing.png
Jenson Metcalfe,https://resources.premierleague.com/premierleague/photos/players/40x40/p491557.png
Bastien Meupiyou,https://resources.premierleague.com/premierleague/photos/players/40x40/Photo-Missing.png
Stephen Mfuni,https://resources.premierleague.com/premierleague/photos/players/40x40/Photo-Missing.png
Shumaira Mheuka,https://resources.premierleague.com/premierleague/photos/players/40x40/Photo-Missing.png
Alex Mighten,https://resources.premierleague.com/premierleague/photos/players/40x40/p244930.png
Nikola Milenkovic,https://resources.premierleague.com/premierleague/photos/players/40x40/p227444.png
Lewis Miley,https://resources.premierleague.com/premierleague/photos/players/40x40/p547719.png
James Milner,https://resources.premierleague.com/premierleague/photos/players/40x40/p15157.png
Tyrone Mings,https://resources.premierleague.com/premierleague/photos/players/40x40/p149484.png
Yankuba Minteh,https://resources.premierleague.com/premierleague/photos/players/40x40/p592031.png
Tyrick Mitchell,https://resources.premierleague.com/premierleague/photos/players/40x40/p244723.png
Kaoru Mitoma,https://resources.premierleague.com/premierleague/photos/players/40x40/p451340.png
Aleksandar Mitrovic,https://resources.premierleague.com/premierleague/photos/players/40x40/p128389.png
Jakub Moder,https://resources.premierleague.com/premierleague/photos/players/40x40/p243505.png
Mohamed Elneny,https://resources.premierleague.com/premierleague/photos/players/40x40/p153256.png
Mohamed Salah,https://resources.premierleague.com/premierleague/photos/players/40x40/p118748.png
Zane Monlouis,https://resources.premierleague.com/premierleague/photos/players/40x40/Photo-Missing.png
Gonzalo Montiel,https://resources.premierleague.com/premierleague/photos/players/40x40/p218430.png
Bradley Moonan,https://resources.premierleague.com/premierleague/photos/players/40x40/Photo-Missing.png
Kobei Moore,https://resources.premierleague.com/premierleague/photos/players/40x40/Photo-Missing.png
Andrew Moran,https://resources.premierleague.com/premierleague/photos/players/40x40/p513834.png
Morato,https://resources.premierleague.com/premierleague/photos/players/40x40/p485047.png
Álex Moreno,https://resources.premierleague.com/premierleague/photos/players/40x40/p106468.png
Iwan Morgan,https://resources.premierleague.com/premierleague/photos/players/40x40/Photo-Missing.png
Tyler Morton,https://resources.premierleague.com/premierleague/photos/players/40x40/p440148.png
Yerson Mosquera,https://resources.premierleague.com/premierleague/photos/players/40x40/p501837.png
Louie Moulden,https://resources.premierleague.com/premierleague/photos/players/40x40/Photo-Missing.png
Mason Mount,https://resources.premierleague.com/premierleague/photos/players/40x40/p184341.png
Fabian Mrozek,https://resources.premierleague.com/premierleague/photos/players/40x40/Photo-Missing.png
Divin Mubama,https://resources.premierleague.com/premierleague/photos/players/40x40/p487837.png
Mykhailo Mudryk,https://resources.premierleague.com/premierleague/photos/players/40x40/p465920.png
Anthony Munda,https://resources.premierleague.com/premierleague/photos/players/40x40/Photo-Missing.png
Daniel Muñoz,https://resources.premierleague.com/premierleague/photos/players/40x40/p247348.png
Finley Munroe,https://resources.premierleague.com/premierleague/photos/players/40x40/Photo-Missing.png
Arijanet Muric,https://resources.premierleague.com/premierleague/photos/players/40x40/p232917.png
Murillo,https://resources.premierleague.com/premierleague/photos/players/40x40/p575476.png
Alex Murphy,https://resources.premierleague.com/premierleague/photos/players/40x40/p545477.png
Sam Murray,https://resources.premierleague.com/premierleague/photos/players/40x40/Photo-Missing.png
Harrison Murray-Campbell,https://resources.premierleague.com/premierleague/photos/players/40x40/Photo-Missing.png
Mateusz Musialowski,https://resources.premierleague.com/premierleague/photos/players/40x40/Photo-Missing.png
Vitalii Mykolenko,https://resources.premierleague.com/premierleague/photos/players/40x40/p224967.png
Amara Nallo,https://resources.premierleague.com/premierleague/photos/players/40x40/Photo-Missing.png
Corrie Ndaba,https://resources.premierleague.com/premierleague/photos/players/40x40/Photo-Missing.png
Joel Ndala,https://resources.premierleague.com/premierleague/photos/players/40x40/Photo-Missing.png
Iliman Ndiaye,https://resources.premierleague.com/premierleague/photos/players/40x40/p440993.png
Wilfred Ndidi,https://resources.premierleague.com/premierleague/photos/players/40x40/p203341.png
Michael Ndiweni,https://resources.premierleague.com/premierleague/photos/players/40x40/Photo-Missing.png
Tanguy Ndombélé,https://resources.premierleague.com/premierleague/photos/players/40x40/p231372.png
Kosta Nedeljkovic,https://resources.premierleague.com/premierleague/photos/players/40x40/p578545.png
Reiss Nelson,https://resources.premierleague.com/premierleague/photos/players/40x40/p200641.png
Nélson Semedo,https://resources.premierleague.com/premierleague/photos/players/40x40/p200402.png
Neto,https://resources.premierleague.com/premierleague/photos/players/40x40/p69752.png
Moussa Niakhaté,https://resources.premierleague.com/premierleague/photos/players/40x40/p199170.png
Josh Nichols,https://resources.premierleague.com/premierleague/photos/players/40x40/Photo-Missing.png
Eddie Nketiah,https://resources.premierleague.com/premierleague/photos/players/40x40/p205533.png
Christopher Nkunku,https://resources.premierleague.com/premierleague/photos/players/40x40/p213198.png
Darwin Núñez,https://resources.premierleague.com/premierleague/photos/players/40x40/p447203.png
Nuno Tavares,https://resources.premierleague.com/premierleague/photos/players/40x40/p437626.png
Ethan Nwaneri,https://resources.premierleague.com/premierleague/photos/players/40x40/p499175.png
Lucas Nygaard,https://resources.premierleague.com/premierleague/photos/players/40x40/Photo-Missing.png
Treymaurice Nyoni,https://resources.premierleague.com/premierleague/photos/players/40x40/Photo-Missing.png
Christian Nørgaard,https://resources.premierleague.com/premierleague/photos/players/40x40/p128295.png
Jake O'Brien,https://resources.premierleague.com/premierleague/photos/players/40x40/p512462.png
Joseph O'Brien-Whitmarsh,https://resources.premierleague.com/premierleague/photos/players/40x40/Photo-Missing.png
Nico O'Reilly,https://resources.premierleague.com/premierleague/photos/players/40x40/p472769.png
Matt O'Riley,https://resources.premierleague.com/premierleague/photos/players/40x40/Photo-Missing.png
Dara O'Shea,https://resources.premierleague.com/premierleague/photos/players/40x40/p216616.png
Justin Oboavwoduo,https://resources.premierleague.com/premierleague/photos/players/40x40/Photo-Missing.png
Wilson Odobert,https://resources.premierleague.com/premierleague/photos/players/40x40/p550839.png
Odeluga Offiah,https://resources.premierleague.com/premierleague/photos/players/40x40/p445548.png
Chiedozie Ogbene,https://resources.premierleague.com/premierleague/photos/players/40x40/p229164.png
Angelo Ogbonna,https://resources.premierleague.com/premierleague/photos/players/40x40/p40669.png
Habeeb Ogunneye,https://resources.premierleague.com/premierleague/photos/players/40x40/Photo-Missing.png
Temple Ojinnaka,https://resources.premierleague.com/premierleague/photos/players/40x40/Photo-Missing.png
Wes Okoduwa,https://resources.premierleague.com/premierleague/photos/players/40x40/Photo-Missing.png
Caleb Okoli,https://resources.premierleague.com/premierleague/photos/players/40x40/p473341.png
Arthur Okonkwo,https://resources.premierleague.com/premierleague/photos/players/40x40/p220682.png
Michael Olise,https://resources.premierleague.com/premierleague/photos/players/40x40/p443661.png
Robin Olsen,https://resources.premierleague.com/premierleague/photos/players/40x40/p111782.png
Callum Olusesi,https://resources.premierleague.com/premierleague/photos/players/40x40/Photo-Missing.png
Andrew Omobamidele,https://resources.premierleague.com/premierleague/photos/players/40x40/p466404.png
Amadou Onana,https://resources.premierleague.com/premierleague/photos/players/40x40/p449871.png
Paul Onuachu,https://resources.premierleague.com/premierleague/photos/players/40x40/Photo-Missing.png
Tyler Onyango,https://resources.premierleague.com/premierleague/photos/players/40x40/p461446.png
Frank Onyeka,https://resources.premierleague.com/premierleague/photos/players/40x40/p428580.png
Lewis Orford,https://resources.premierleague.com/premierleague/photos/players/40x40/p518442.png
Divock Origi,https://resources.premierleague.com/premierleague/photos/players/40x40/p152760.png
Stefan Ortega,https://resources.premierleague.com/premierleague/photos/players/40x40/p88248.png
Ibrahim Osman,https://resources.premierleague.com/premierleague/photos/players/40x40/p612855.png
Esapa Osong,https://resources.premierleague.com/premierleague/photos/players/40x40/Photo-Missing.png
William Osula,https://resources.premierleague.com/premierleague/photos/players/40x40/p538207.png
Dango Ouattara,https://resources.premierleague.com/premierleague/photos/players/40x40/p533463.png
Salah-Eddine Oulad M'hand,https://resources.premierleague.com/premierleague/photos/players/40x40/p498046.png
Riley Owen,https://resources.premierleague.com/premierleague/photos/players/40x40/Photo-Missing.png
Maxi Oyedele,https://resources.premierleague.com/premierleague/photos/players/40x40/Photo-Missing.png
David Ozoh,https://resources.premierleague.com/premierleague/photos/players/40x40/p531989.png
Mark O’Mahony,https://resources.premierleague.com/premierleague/photos/players/40x40/p574402.png
Cole Palmer,https://resources.premierleague.com/premierleague/photos/players/40x40/p244851.png
Panutche Camará,https://resources.premierleague.com/premierleague/photos/players/40x40/Photo-Missing.png
Jonathan Panzo,https://resources.premierleague.com/premierleague/photos/players/40x40/p209035.png
Ben Parkinson,https://resources.premierleague.com/premierleague/photos/players/40x40/Photo-Missing.png
Thomas Partey,https://resources.premierleague.com/premierleague/photos/players/40x40/p167199.png
Travis Patterson,https://resources.premierleague.com/premierleague/photos/players/40x40/Photo-Missing.png
Alex Paulsen,https://resources.premierleague.com/premierleague/photos/players/40x40/Photo-Missing.png
Myles Peart-Harris,https://resources.premierleague.com/premierleague/photos/players/40x40/p450539.png
Pedro Lima,https://resources.premierleague.com/premierleague/photos/players/40x40/p641221.png
Pedro Neto,https://resources.premierleague.com/premierleague/photos/players/40x40/p247632.png
Facundo Pellistri,https://resources.premierleague.com/premierleague/photos/players/40x40/p488404.png
Mike Penders,https://resources.premierleague.com/premierleague/photos/players/40x40/Photo-Missing.png
Nicolas Pépé,https://resources.premierleague.com/premierleague/photos/players/40x40/p195735.png
Ivan Perisic,https://resources.premierleague.com/premierleague/photos/players/40x40/p45034.png
Máximo Perrone,https://resources.premierleague.com/premierleague/photos/players/40x40/p482769.png
Ben Perry,https://resources.premierleague.com/premierleague/photos/players/40x40/Photo-Missing.png
Djordje Petrovic,https://resources.premierleague.com/premierleague/photos/players/40x40/p457569.png
Cameron Peupion,https://resources.premierleague.com/premierleague/photos/players/40x40/p491598.png
Philippe Coutinho,https://resources.premierleague.com/premierleague/photos/players/40x40/p84583.png
Killian Phillips,https://resources.premierleague.com/premierleague/photos/players/40x40/p532135.png
Jaden Philogene,https://resources.premierleague.com/premierleague/photos/players/40x40/p481624.png
Jordan Pickford,https://resources.premierleague.com/premierleague/photos/players/40x40/p111234.png
Ethan Pinnock,https://resources.premierleague.com/premierleague/photos/players/40x40/p231065.png
Cameron Plain,https://resources.premierleague.com/premierleague/photos/players/40x40/Photo-Missing.png
Player 1,https://resources.premierleague.com/premierleague/photos/players/40x40/Photo-Missing.png
Alfie Pond,https://resources.premierleague.com/premierleague/photos/players/40x40/Photo-Missing.png
Nick Pope,https://resources.premierleague.com/premierleague/photos/players/40x40/p98747.png
Chris Popov,https://resources.premierleague.com/premierleague/photos/players/40x40/Photo-Missing.png
Pedro Porro,https://resources.premierleague.com/premierleague/photos/players/40x40/p441164.png
Jack Porter,https://resources.premierleague.com/premierleague/photos/players/40x40/Photo-Missing.png
Freddie Potts,https://resources.premierleague.com/premierleague/photos/players/40x40/p490142.png
Dennis Praet,https://resources.premierleague.com/premierleague/photos/players/40x40/p106837.png
Sam Proctor,https://resources.premierleague.com/premierleague/photos/players/40x40/Photo-Missing.png
Logan Pye,https://resources.premierleague.com/premierleague/photos/players/40x40/Photo-Missing.png
Jarell Quansah,https://resources.premierleague.com/premierleague/photos/players/40x40/p441428.png
Andrei Radu,https://resources.premierleague.com/premierleague/photos/players/40x40/p215531.png
Arjan Raikhy,https://resources.premierleague.com/premierleague/photos/players/40x40/Photo-Missing.png
Samuel Rak-Sakyi,https://resources.premierleague.com/premierleague/photos/players/40x40/Photo-Missing.png
Aaron Ramsdale,https://resources.premierleague.com/premierleague/photos/players/40x40/p225321.png
Jacob Ramsey,https://resources.premierleague.com/premierleague/photos/players/40x40/p232653.png
Darren Randolph,https://resources.premierleague.com/premierleague/photos/players/40x40/p32259.png
Marcus Rashford,https://resources.premierleague.com/premierleague/photos/players/40x40/p176297.png
Luke Rawlings,https://resources.premierleague.com/premierleague/photos/players/40x40/Photo-Missing.png
David Raya,https://resources.premierleague.com/premierleague/photos/players/40x40/p154561.png
Jadan Raymond,https://resources.premierleague.com/premierleague/photos/players/40x40/Photo-Missing.png
Tim Ream,https://resources.premierleague.com/premierleague/photos/players/40x40/p82514.png
Harrison Reed,https://resources.premierleague.com/premierleague/photos/players/40x40/p153366.png
Sergio Reguilón,https://resources.premierleague.com/premierleague/photos/players/40x40/Photo-Missing.png
Omar Rekik,https://resources.premierleague.com/premierleague/photos/players/40x40/Photo-Missing.png
Renato Veiga,https://resources.premierleague.com/premierleague/photos/players/40x40/p551230.png
Giovanni Reyna,https://resources.premierleague.com/premierleague/photos/players/40x40/p427420.png
Chadi Riad,https://resources.premierleague.com/premierleague/photos/players/40x40/p515621.png
Ricardo Pereira,https://resources.premierleague.com/premierleague/photos/players/40x40/p111931.png
Declan Rice,https://resources.premierleague.com/premierleague/photos/players/40x40/p204480.png
Dujuan Richards,https://resources.premierleague.com/premierleague/photos/players/40x40/Photo-Missing.png
Richarlison,https://resources.premierleague.com/premierleague/photos/players/40x40/p212319.png
Jairo Riedewald,https://resources.premierleague.com/premierleague/photos/players/40x40/p173954.png
Matt Ritchie,https://resources.premierleague.com/premierleague/photos/players/40x40/p56983.png
Andy Robertson,https://resources.premierleague.com/premierleague/photos/players/40x40/p122798.png
Josh Robinson,https://resources.premierleague.com/premierleague/photos/players/40x40/Photo-Missing.png
Max Robson,https://resources.premierleague.com/premierleague/photos/players/40x40/p461186.png
Marek Rodák,https://resources.premierleague.com/premierleague/photos/players/40x40/p155529.png
Kaden Rodney,https://resources.premierleague.com/premierleague/photos/players/40x40/Photo-Missing.png
Joe Rodon,https://resources.premierleague.com/premierleague/photos/players/40x40/p214225.png
Rodri,https://resources.premierleague.com/premierleague/photos/players/40x40/p220566.png
Rodrigo Gomes,https://resources.premierleague.com/premierleague/photos/players/40x40/p483081.png
Rodrigo Muniz,https://resources.premierleague.com/premierleague/photos/players/40x40/p244042.png
Rodrigo Ribeiro,https://resources.premierleague.com/premierleague/photos/players/40x40/p551232.png
Guido Rodríguez,https://resources.premierleague.com/premierleague/photos/players/40x40/p197024.png
Mads Roerslev,https://resources.premierleague.com/premierleague/photos/players/40x40/p226956.png
Morgan Rogers,https://resources.premierleague.com/premierleague/photos/players/40x40/p244850.png
Alexei Rojas Fedorushchenko,https://resources.premierleague.com/premierleague/photos/players/40x40/Photo-Missing.png
Cristian Romero,https://resources.premierleague.com/premierleague/photos/players/40x40/p221632.png
Reggie Rose,https://resources.premierleague.com/premierleague/photos/players/40x40/Photo-Missing.png
Michal Rosiak,https://resources.premierleague.com/premierleague/photos/players/40x40/Photo-Missing.png
Joe Rothwell,https://resources.premierleague.com/premierleague/photos/players/40x40/p156685.png
Triston Rowe,https://resources.premierleague.com/premierleague/photos/players/40x40/Photo-Missing.png
Rúben Dias,https://resources.premierleague.com/premierleague/photos/players/40x40/p171314.png
John Ruddy,https://resources.premierleague.com/premierleague/photos/players/40x40/p19236.png
Rúnar Rúnarsson,https://resources.premierleague.com/premierleague/photos/players/40x40/p115918.png
Carl Rushworth,https://resources.premierleague.com/premierleague/photos/players/40x40/p472739.png
Georginio Rutter,https://resources.premierleague.com/premierleague/photos/players/40x40/p463067.png
Charles Sagoe Jr,https://resources.premierleague.com/premierleague/photos/players/40x40/Photo-Missing.png
Bukayo Saka,https://resources.premierleague.com/premierleague/photos/players/40x40/p223340.png
William Saliba,https://resources.premierleague.com/premierleague/photos/players/40x40/p462424.png
Sam Morsy,https://resources.premierleague.com/premierleague/photos/players/40x40/p74944.png
Albert Sambi Lokonga,https://resources.premierleague.com/premierleague/photos/players/40x40/p437742.png
Lakyle Samuel,https://resources.premierleague.com/premierleague/photos/players/40x40/Photo-Missing.png
Imari Samuels,https://resources.premierleague.com/premierleague/photos/players/40x40/p447720.png
Ishé Samuels-Smith,https://resources.premierleague.com/premierleague/photos/players/40x40/Photo-Missing.png
Robert Sánchez,https://resources.premierleague.com/premierleague/photos/players/40x40/p215059.png
Jadon Sancho,https://resources.premierleague.com/premierleague/photos/players/40x40/p209243.png
Ibrahim Sangaré,https://resources.premierleague.com/premierleague/photos/players/40x40/p210462.png
Yago Santiago,https://resources.premierleague.com/premierleague/photos/players/40x40/p492779.png
Trevan Sanusi,https://resources.premierleague.com/premierleague/photos/players/40x40/Photo-Missing.png
Pablo Sarabia,https://resources.premierleague.com/premierleague/photos/players/40x40/p88484.png
Jeremy Sarmiento,https://resources.premierleague.com/premierleague/photos/players/40x40/p441192.png
Malang Sarr,https://resources.premierleague.com/premierleague/photos/players/40x40/Photo-Missing.png
Savinho,https://resources.premierleague.com/premierleague/photos/players/40x40/p510281.png
Calum Scanlon,https://resources.premierleague.com/premierleague/photos/players/40x40/Photo-Missing.png
Ollie Scarles,https://resources.premierleague.com/premierleague/photos/players/40x40/p536109.png
Dane Scarlett,https://resources.premierleague.com/premierleague/photos/players/40x40/p490145.png
Kevin Schade,https://resources.premierleague.com/premierleague/photos/players/40x40/p513418.png
Fabian Schär,https://resources.premierleague.com/premierleague/photos/players/40x40/p119471.png
Kjell Scherpen,https://resources.premierleague.com/premierleague/photos/players/40x40/p240514.png
Jeffrey Schlupp,https://resources.premierleague.com/premierleague/photos/players/40x40/p86417.png
Alex Scott,https://resources.premierleague.com/premierleague/photos/players/40x40/p503139.png
Kristian Sekularac,https://resources.premierleague.com/premierleague/photos/players/40x40/p511504.png
Matz Sels,https://resources.premierleague.com/premierleague/photos/players/40x40/p85633.png
Antoine Semenyo,https://resources.premierleague.com/premierleague/photos/players/40x40/p437730.png
Marcos Senesi,https://resources.premierleague.com/premierleague/photos/players/40x40/p221466.png
Ryan Sessegnon,https://resources.premierleague.com/premierleague/photos/players/40x40/p184349.png
Tommy Setford,https://resources.premierleague.com/premierleague/photos/players/40x40/Photo-Missing.png
Leo Shahar,https://resources.premierleague.com/premierleague/photos/players/40x40/Photo-Missing.png
Luke Shaw,https://resources.premierleague.com/premierleague/photos/players/40x40/Photo-Missing.png
Shea Charles,https://resources.premierleague.com/premierleague/photos/players/40x40/p463210.png
Martin Sherif,https://resources.premierleague.com/premierleague/photos/players/40x40/Photo-Missing.png
Shola Shoretire,https://resources.premierleague.com/premierleague/photos/players/40x40/p472464.png
Abdallah Sima,https://resources.premierleague.com/premierleague/photos/players/40x40/p516211.png
Freddie Simmonds,https://resources.premierleague.com/premierleague/photos/players/40x40/Photo-Missing.png
Jahmai Simpson-Pusey,https://resources.premierleague.com/premierleague/photos/players/40x40/Photo-Missing.png
Luis Sinisterra,https://resources.premierleague.com/premierleague/photos/players/40x40/p224995.png
Oliver Skipp,https://resources.premierleague.com/premierleague/photos/players/40x40/p209042.png
Cieran Slicker,https://resources.premierleague.com/premierleague/photos/players/40x40/p434044.png
Gabriel Slonina,https://resources.premierleague.com/premierleague/photos/players/40x40/p471798.png
Will Smallbone,https://resources.premierleague.com/premierleague/photos/players/40x40/p214466.png
Adam Smith,https://resources.premierleague.com/premierleague/photos/players/40x40/p54469.png
Emile Smith Rowe,https://resources.premierleague.com/premierleague/photos/players/40x40/p209289.png
Dominic Solanke,https://resources.premierleague.com/premierleague/photos/players/40x40/p154566.png
Carlos Soler,https://resources.premierleague.com/premierleague/photos/players/40x40/p224860.png
Manor Solomon,https://resources.premierleague.com/premierleague/photos/players/40x40/p235674.png
Son Heung-Min,https://resources.premierleague.com/premierleague/photos/players/40x40/p85971.png
Ramón Sosa,https://resources.premierleague.com/premierleague/photos/players/40x40/p502222.png
Tomás Soucek,https://resources.premierleague.com/premierleague/photos/players/40x40/p215439.png
Boubakary Soumaré,https://resources.premierleague.com/premierleague/photos/players/40x40/p225902.png
Lino Sousa,https://resources.premierleague.com/premierleague/photos/players/40x40/Photo-Missing.png
Harry Souttar,https://resources.premierleague.com/premierleague/photos/players/40x40/p194190.png
Djed Spence,https://resources.premierleague.com/premierleague/photos/players/40x40/p232859.png
Marko Stamenic,https://resources.premierleague.com/premierleague/photos/players/40x40/Photo-Missing.png
Jay Stansfield,https://resources.premierleague.com/premierleague/photos/players/40x40/p490146.png
Ellis Stanton,https://resources.premierleague.com/premierleague/photos/players/40x40/Photo-Missing.png
Jason Steele,https://resources.premierleague.com/premierleague/photos/players/40x40/p49262.png
Zack Steffen,https://resources.premierleague.com/premierleague/photos/players/40x40/p164484.png
Jack Stephens,https://resources.premierleague.com/premierleague/photos/players/40x40/p88900.png
Luca Stephenson,https://resources.premierleague.com/premierleague/photos/players/40x40/Photo-Missing.png
Raheem Sterling,https://resources.premierleague.com/premierleague/photos/players/40x40/p103955.png
Fin Stevens,https://resources.premierleague.com/premierleague/photos/players/40x40/p450550.png
Ross Stewart,https://resources.premierleague.com/premierleague/photos/players/40x40/p230348.png
Jakub Stolarczyk,https://resources.premierleague.com/premierleague/photos/players/40x40/Photo-Missing.png
John Stones,https://resources.premierleague.com/premierleague/photos/players/40x40/p97299.png
Thomas Strakosha,https://resources.premierleague.com/premierleague/photos/players/40x40/p140200.png
Jørgen Strand Larsen,https://resources.premierleague.com/premierleague/photos/players/40x40/p247412.png
Zak Sturge,https://resources.premierleague.com/premierleague/photos/players/40x40/Photo-Missing.png
Ronnie Stutter,https://resources.premierleague.com/premierleague/photos/players/40x40/Photo-Missing.png
Yukinari Sugawara,https://resources.premierleague.com/premierleague/photos/players/40x40/p219279.png
Kamaldeen Sulemana,https://resources.premierleague.com/premierleague/photos/players/40x40/p504783.png
Crysencio Summerville,https://resources.premierleague.com/premierleague/photos/players/40x40/p450070.png
Mahamadou Susoho,https://resources.premierleague.com/premierleague/photos/players/40x40/Photo-Missing.png
James Sweet,https://resources.premierleague.com/premierleague/photos/players/40x40/Photo-Missing.png
Sil Swinkels,https://resources.premierleague.com/premierleague/photos/players/40x40/Photo-Missing.png
Kamarai Swyer,https://resources.premierleague.com/premierleague/photos/players/40x40/p461030.png
Freddie Symonds,https://resources.premierleague.com/premierleague/photos/players/40x40/Photo-Missing.png
Sam Szmodics,https://resources.premierleague.com/premierleague/photos/players/40x40/p172453.png
Dominik Szoboszlai,https://resources.premierleague.com/premierleague/photos/players/40x40/p424876.png
Japhet Tanganga,https://resources.premierleague.com/premierleague/photos/players/40x40/p199584.png
Devan Tanton,https://resources.premierleague.com/premierleague/photos/players/40x40/Photo-Missing.png
Matt Targett,https://resources.premierleague.com/premierleague/photos/players/40x40/p169359.png
James Tarkowski,https://resources.premierleague.com/premierleague/photos/players/40x40/p17761.png
Jimi Tauriainen,https://resources.premierleague.com/premierleague/photos/players/40x40/Photo-Missing.png
Marcus Tavernier,https://resources.premierleague.com/premierleague/photos/players/40x40/p201658.png
Jack Taylor,https://resources.premierleague.com/premierleague/photos/players/40x40/p231899.png
Kenny Tete,https://resources.premierleague.com/premierleague/photos/players/40x40/p167074.png
Thiago,https://resources.premierleague.com/premierleague/photos/players/40x40/Photo-Missing.png
Thiago Silva,https://resources.premierleague.com/premierleague/photos/players/40x40/p51090.png
Silko-Amari Thomas,https://resources.premierleague.com/premierleague/photos/players/40x40/Photo-Missing.png
Ciaran Thompson,https://resources.premierleague.com/premierleague/photos/players/40x40/Photo-Missing.png
Youri Tielemans,https://resources.premierleague.com/premierleague/photos/players/40x40/p166989.png
Kieran Tierney,https://resources.premierleague.com/premierleague/photos/players/40x40/p192895.png
Jean-Clair Todibo,https://resources.premierleague.com/premierleague/photos/players/40x40/p462116.png
Harry Toffolo,https://resources.premierleague.com/premierleague/photos/players/40x40/p114241.png
Takehiro Tomiyasu,https://resources.premierleague.com/premierleague/photos/players/40x40/p223723.png
James Tomkins,https://resources.premierleague.com/premierleague/photos/players/40x40/p49413.png
Sandro Tonali,https://resources.premierleague.com/premierleague/photos/players/40x40/p432422.png
Ivan Toney,https://resources.premierleague.com/premierleague/photos/players/40x40/p144485.png
Pau Torres,https://resources.premierleague.com/premierleague/photos/players/40x40/p244954.png
Toti Gomes,https://resources.premierleague.com/premierleague/photos/players/40x40/p510362.png
Conor Townsend,https://resources.premierleague.com/premierleague/photos/players/40x40/p108053.png
Bertrand Traoré,https://resources.premierleague.com/premierleague/photos/players/40x40/p110504.png
Mark Travers,https://resources.premierleague.com/premierleague/photos/players/40x40/p229600.png
Ryan Trevitt,https://resources.premierleague.com/premierleague/photos/players/40x40/p591357.png
Kieran Trippier,https://resources.premierleague.com/premierleague/photos/players/40x40/p77794.png
Leandro Trossard,https://resources.premierleague.com/premierleague/photos/players/40x40/p116216.png
Kostas Tsimikas,https://resources.premierleague.com/premierleague/photos/players/40x40/p214285.png
Axel Tuanzebe,https://resources.premierleague.com/premierleague/photos/players/40x40/p180804.png
Matt Turner,https://resources.premierleague.com/premierleague/photos/players/40x40/Photo-Missing.png
Jay Turner-Cooke,https://resources.premierleague.com/premierleague/photos/players/40x40/Photo-Missing.png
Ed Turns,https://resources.premierleague.com/premierleague/photos/players/40x40/p448496.png
Harry Tyrer,https://resources.premierleague.com/premierleague/photos/players/40x40/p447325.png
Destiny Udogie,https://resources.premierleague.com/premierleague/photos/players/40x40/p487053.png
Manuel Ugarte,https://resources.premierleague.com/premierleague/photos/players/40x40/p232112.png
Lesley Ugochukwu,https://resources.premierleague.com/premierleague/photos/players/40x40/p503714.png
Franco Umeh-Chibueze,https://resources.premierleague.com/premierleague/photos/players/40x40/Photo-Missing.png
Enes Ünal,https://resources.premierleague.com/premierleague/photos/players/40x40/p168636.png
Deniz Undav,https://resources.premierleague.com/premierleague/photos/players/40x40/p450434.png
Hákon Valdimarsson,https://resources.premierleague.com/premierleague/photos/players/40x40/p507433.png
Donny van de Beek,https://resources.premierleague.com/premierleague/photos/players/40x40/p180184.png
Micky van de Ven,https://resources.premierleague.com/premierleague/photos/players/40x40/p491279.png
Sepp van den Berg,https://resources.premierleague.com/premierleague/photos/players/40x40/p444765.png
Virgil van Dijk,https://resources.premierleague.com/premierleague/photos/players/40x40/p97032.png
Jan Paul van Hecke,https://resources.premierleague.com/premierleague/photos/players/40x40/p469142.png
Raphaël Varane,https://resources.premierleague.com/premierleague/photos/players/40x40/p90152.png
Jamie Vardy,https://resources.premierleague.com/premierleague/photos/players/40x40/p101668.png
Alejo Véliz,https://resources.premierleague.com/premierleague/photos/players/40x40/p536908.png
Joël Veltman,https://resources.premierleague.com/premierleague/photos/players/40x40/p111478.png
Bart Verbruggen,https://resources.premierleague.com/premierleague/photos/players/40x40/p489639.png
Jannik Vestergaard,https://resources.premierleague.com/premierleague/photos/players/40x40/p93100.png
Guglielmo Vicario,https://resources.premierleague.com/premierleague/photos/players/40x40/p184254.png
Radek Vítek,https://resources.premierleague.com/premierleague/photos/players/40x40/p477733.png
Odysseas Vlachodimos,https://resources.premierleague.com/premierleague/photos/players/40x40/p111452.png
Kyle Walker,https://resources.premierleague.com/premierleague/photos/players/40x40/p58621.png
Kyle Walker-Peters,https://resources.premierleague.com/premierleague/photos/players/40x40/p158534.png
Reuell Walters,https://resources.premierleague.com/premierleague/photos/players/40x40/p535262.png
Christian Walton,https://resources.premierleague.com/premierleague/photos/players/40x40/p108813.png
Aaron Wan-Bissaka,https://resources.premierleague.com/premierleague/photos/players/40x40/p214590.png
Wanya Marçal,https://resources.premierleague.com/premierleague/photos/players/40x40/p461584.png
Joel Ward,https://resources.premierleague.com/premierleague/photos/players/40x40/p55494.png
James Ward-Prowse,https://resources.premierleague.com/premierleague/photos/players/40x40/p101178.png
Lewis Warrington,https://resources.premierleague.com/premierleague/photos/players/40x40/p461453.png
Ollie Watkins,https://resources.premierleague.com/premierleague/photos/players/40x40/p178301.png
Adam Webster,https://resources.premierleague.com/premierleague/photos/players/40x40/p110735.png
Jensen Weir,https://resources.premierleague.com/premierleague/photos/players/40x40/p440241.png
Danny Welbeck,https://resources.premierleague.com/premierleague/photos/players/40x40/p50175.png
Jack Wells-Morrison,https://resources.premierleague.com/premierleague/photos/players/40x40/Photo-Missing.png
Timo Werner,https://resources.premierleague.com/premierleague/photos/players/40x40/p165153.png
Adam Wharton,https://resources.premierleague.com/premierleague/photos/players/40x40/p496221.png
Ethan Wheatley,https://resources.premierleague.com/premierleague/photos/players/40x40/p575034.png
Ben White,https://resources.premierleague.com/premierleague/photos/players/40x40/p198869.png
Alfie Whiteman,https://resources.premierleague.com/premierleague/photos/players/40x40/p175941.png
Matthew Whittingham,https://resources.premierleague.com/premierleague/photos/players/40x40/Photo-Missing.png
Joe Whitworth,https://resources.premierleague.com/premierleague/photos/players/40x40/p487818.png
Mats Wieffer,https://resources.premierleague.com/premierleague/photos/players/40x40/p467779.png
Caleb Wiley,https://resources.premierleague.com/premierleague/photos/players/40x40/Photo-Missing.png
Dylan Williams,https://resources.premierleague.com/premierleague/photos/players/40x40/Photo-Missing.png
Luca Williams-Barnett,https://resources.premierleague.com/premierleague/photos/players/40x40/Photo-Missing.png
Willian,https://resources.premierleague.com/premierleague/photos/players/40x40/p47431.png
Joe Willock,https://resources.premierleague.com/premierleague/photos/players/40x40/p200089.png
Harry Wilson,https://resources.premierleague.com/premierleague/photos/players/40x40/p153682.png
Josh Wilson-Esbrand,https://resources.premierleague.com/premierleague/photos/players/40x40/Photo-Missing.png
Harry Winks,https://resources.premierleague.com/premierleague/photos/players/40x40/p157668.png
Ben Winterbottom,https://resources.premierleague.com/premierleague/photos/players/40x40/Photo-Missing.png
Yoane Wissa,https://resources.premierleague.com/premierleague/photos/players/40x40/p216646.png
Chris Wood,https://resources.premierleague.com/premierleague/photos/players/40x40/p60689.png
Luke Woolfenden,https://resources.premierleague.com/premierleague/photos/players/40x40/p220583.png
Tom Wooster,https://resources.premierleague.com/premierleague/photos/players/40x40/Photo-Missing.png
Joe Worrall,https://resources.premierleague.com/premierleague/photos/players/40x40/p208912.png
James Wright,https://resources.premierleague.com/premierleague/photos/players/40x40/Photo-Missing.png
Malick Yalcouyé,https://resources.premierleague.com/premierleague/photos/players/40x40/p611695.png
Yan Couto,https://resources.premierleague.com/premierleague/photos/players/40x40/Photo-Missing.png
Yehor Yarmoliuk,https://resources.premierleague.com/premierleague/photos/players/40x40/p508395.png
Ryan Yates,https://resources.premierleague.com/premierleague/photos/players/40x40/p204968.png
Tony Yogane,https://resources.premierleague.com/premierleague/photos/players/40x40/p592662.png
Leny Yoro,https://resources.premierleague.com/premierleague/photos/players/40x40/Photo-Missing.png
Kadan Young,https://resources.premierleague.com/premierleague/photos/players/40x40/Photo-Missing.png
Youssef Chermiti,https://resources.premierleague.com/premierleague/photos/players/40x40/Photo-Missing.png
Illia Zabarnyi,https://resources.premierleague.com/premierleague/photos/players/40x40/p477580.png
Nicolò Zaniolo,https://resources.premierleague.com/premierleague/photos/players/40x40/p245414.png
Zanka,https://resources.premierleague.com/premierleague/photos/players/40x40/p48760.png
Andi Zeqiri,https://resources.premierleague.com/premierleague/photos/players/40x40/p204676.png
Oleksandr Zinchenko,https://resources.premierleague.com/premierleague/photos/players/40x40/p206325.png
Joshua Zirkzee,https://resources.premierleague.com/premierleague/photos/players/40x40/p458249.png
Hakim Ziyech,https://resources.premierleague.com/premierleague/photos/players/40x40/p124183.png
Kurt Zouma,https://resources.premierleague.com/premierleague/photos/players/40x40/p103192.png
Oliwier Zych,https://resources.premierleague.com/premierleague/photos/players/40x40/Photo-Missing.png
Martin Ødegaard,https://resources.premierleague.com/premierleague/photos/players/40x40/p184029.png
